Fund Name,P1,P2,P3,P4,P5,Topsis Score,Rank
M1,0.65,0.42,6.4,52.1,14.89,0.5825276965280084,3.0
M2,0.61,0.37,5.2,60.5,16.67,0.4399165051275906,5.0
M3,0.79,0.62,6.1,36.1,10.9,0.6580974610513023,2.0
M4,0.72,0.52,4.0,63.5,17.19,0.3605753111243049,6.0
M5,0.63,0.4,3.2,49.3,13.38,0.16364263940998874,8.0
M6,0.89,0.79,3.2,58.3,15.8,0.4482004947029653,4.0
M7,0.77,0.59,6.6,38.2,11.54,0.6844629897389732,1.0
M8,0.61,0.37,4.0,38.1,10.77,0.2104741196539969,7.0
